{
  "timestamp": "2026-01-15T13:05:02.839026",
  "n_windows": 2609,
  "metrics": {
    "mean_confidence": 0.8620074686508241,
    "std_confidence": 0.1866680942846451,
    "min_confidence": 0.26556444,
    "max_confidence": 0.9999666,
    "median_confidence": 0.9722311,
    "uncertain_ratio": 0.07857416634725949,
    "mean_entropy": 0.4072617503403497,
    "max_entropy": 1.7650285496729534,
    "mean_margin": 0.7812917575095044,
    "min_margin": 0.0003703800000000035,
    "high_entropy_count": 0,
    "low_margin_count": 108
  },
  "distributions": {
    "confidence_levels": {
      "high_90plus": {
        "count": 1625,
        "ratio": 0.6228440015331544
      },
      "moderate_70_90": {
        "count": 458,
        "ratio": 0.17554618627826754
      },
      "low_50_70": {
        "count": 321,
        "ratio": 0.12303564584131851
      },
      "uncertain_below_50": {
        "count": 205,
        "ratio": 0.07857416634725949
      }
    }
  },
  "flagged_windows": [
    {
      "window_id": 21,
      "confidence": 0.49502072,
      "predicted_class": 