{
  "timestamp": "2026-01-15T12:58:37.120558",
  "production_shape": [
    1815,
    200,
    6
  ],
  "metrics": {
    "n_channels_with_drift": 9,
    "drift_channels": [
      "Ax",
      "Ax",
      "Ay",
      "Ay",
      "Az",
      "Az",
      "Gx",
      "Gy",
      "Gz"
    ],
    "gravity_check": {
      "az_mean": -1.9458762407302856,
      "expected": -9.8,
      "within_tolerance": false
    }
  },
  "per_channel": {
    "Ax": {
      "mean": -0.5142296552658081,
      "std": 0.01664581522345543,
      "min": -2.6638293266296387,
      "max": 0.937251627445221,
      "percentile_5": -0.5196742415428162,
      "percentile_95": -0.5095466375350952,
      "variance_collapse": true,
      "baseline_mean": 3.2185799853877635,
      "baseline_std": 6.568332015122209,
      "mean_shift": 3.7328096406535716,
      "normalized_mean_shift": 0.5683039565837421,
      "comparison_method": "real_samples",
      "ks_statistic": 0.7169,
      "ks_pvalue": 0.0,
      "wasserstein_distance": 6.886951250123625,
      "drift_detected": 