{
  "timestamp": "2026-01-15T13:05:56.384707",
  "production_shape": [
    2609,
    200,
    6
  ],
  "metrics": {
    "n_channels_with_drift": 6,
    "drift_channels": [
      "Ax",
      "Ay",
      "Az",
      "Gx",
      "Gy",
      "Gz"
    ],
    "gravity_check": {
      "az_mean": 0.4476063549518585,
      "expected": -9.8,
      "within_tolerance": false
    }
  },
  "per_channel": {
    "Ax": {
      "mean": -0.7549948692321777,
      "std": 0.9728806614875793,
      "min": -5.94227409362793,
      "max": 10.995392799377441,
      "percentile_5": -1.759580135345459,
      "percentile_95": 1.0124850273132324,
      "variance_collapse": false,
      "baseline_mean": 3.2185799853877635,
      "baseline_std": 6.568332015122209,
      "mean_shift": 3.973574854619941,
      "normalized_mean_shift": 0.6049594083417541,
      "comparison_method": "real_samples",
      "ks_statistic": 0.6605,
      "ks_pvalue": 0.0,
      "wasserstein_distance": 6.527754935145229,
      "drift_detected": true,
      "psi_level": "low"
    },
    "Ay": {
      "mean": 1.0434552431106567,
      "std": 0.72809237241745,
      "min": -8.207566261291504,
      "max": 17.330289840698242,
      "percentile_5": -0.23879913985729218,
      "percentile_95": 1.9032957553863525,
      "variance_collapse": false,
      "baseline_mean": 1.2820835645532682,
      "baseline_std": 4.351464229226238,
      "mean_shift": 0.23862832144261148,
      "normalized_mean_shift": 0.05483861386272493,
      "comparison_method": "real_samples",
      "ks_statistic": 0.48,
      "ks_pvalue": 0.0,
      "wasserstein_distance": 2.9984163144271023,
      "drift_detected": true,
      "psi_level": "low"
    },
    "Az": {
      "mean": 0.4476063549518585,
      "std": 0.9781127572059631,
      "min": -23.105178833007812,
      "max": 25.35186004638672,
      "percentile_5": -1.0086252689361572,
      "percentile_95": 1.9734381437301636,
      "variance_collapse": false,
      "baseline_mean": -3.5289485580602276,
      "baseline_std": 3.2361647471923733,
      "mean_shift": 3.976554913012086,
      "normalized_mean_shift": 1.2287859224954896,
      "comparison_method": "real_samples",
      "ks_statistic": 0.7584,
      "ks_pvalue": 0.0,
      "wasserstein_distance": 4.0173714338715305,
      "drift_detected": true,
      "psi_level": "low"
    },
    "Gx": {
      "mean": -0.002387086395174265,
      "std": 1.144826054573059,
      "min": -17.2876033782959,
      "max": 16.973159790039062,
      "percentile_5": -1.381166934967041,
      "percentile_95": 1.3613907098770142,
      "variance_collapse": false,
      "baseline_mean": 0.5993119609628061,
      "baseline_std": 49.930205994367945,
      "mean_shift": 0.6016990473579804,
      "normalized_mean_shift": 0.012050802181249744,
      "comparison_method": "real_samples",
      "ks_statistic": 0.4126,
      "ks_pvalue": 0.0,
      "wasserstein_distance": 21.749126702573843,
      "drift_detected": true,
      "psi_level": "low"
    },
    "Gy": {
      "mean": 0.010117324069142342,
      "std": 2.0416312217712402,
      "min": -35.628440856933594,
      "max": 40.76323699951172,
      "percentile_5": -2.4659712314605713,
      "percentile_95": 2.5555121898651123,
      "variance_collapse": false,
      "baseline_mean": 0.22520524164191602,
      "baseline_std": 14.811710051162564,
      "mean_shift": 0.21508791757277368,
      "normalized_mean_shift": 0.014521476744301702,
      "comparison_method": "real_samples",
      "ks_statistic": 0.2712,
      "ks_pvalue": 1e-323,
      "wasserstein_distance": 6.445103661534736,
      "drift_detected": true,
      "psi_level": "low"
    },
    "Gz": {
      "mean": -0.022773563861846924,
      "std": 2.8473589420318604,
      "min": -42.059364318847656,
      "max": 37.303932189941406,
      "percentile_5": -3.687701463699341,
      "percentile_95": 3.649925947189331,
      "variance_collapse": false,
      "baseline_mean": 0.0886675181312073,
      "baseline_std": 14.166766755398303,
      "mean_shift": 0.11144108199305422,
      "normalized_mean_shift": 0.007866373185272918,
      "comparison_method": "real_samples",
      "ks_statistic": 0.2266,
      "ks_pvalue": 2.3127627845311817e-225,
      "wasserstein_distance": 6.308592665562152,
      "drift_detected": true,
      "psi_level": "low"
    }
  },
  "warnings": [
    {
      "type": "distribution_drift",
      "channel": "Ax",
      "message": "Drift detected: KS p=0.0000, Wasserstein=6.528",
      "severity": "MEDIUM",
      "method": "real_samples"
    },
    {
      "type": "distribution_drift",
      "channel": "Ay",
      "message": "Drift detected: KS p=0.0000, Wasserstein=2.998",
      "severity": "MEDIUM",
      "method": "real_samples"
    },
    {
      "type": "distribution_drift",
      "channel": "Az",
      "message": "Drift detected: KS p=0.0000, Wasserstein=4.017",
      "severity": "MEDIUM",
      "method": "real_samples"
    },
    {
      "type": "distribution_drift",
      "channel": "Gx",
      "message": "Drift detected: KS p=0.0000, Wasserstein=21.749",
      "severity": "MEDIUM",
      "method": "real_samples"
    },
    {
      "type": "distribution_drift",
      "channel": "Gy",
      "message": "Drift detected: KS p=0.0000, Wasserstein=6.445",
      "severity": "MEDIUM",
      "method": "real_samples"
    },
    {
      "type": "distribution_drift",
      "channel": "Gz",
      "message": "Drift detected: KS p=0.0000, Wasserstein=6.309",
      "severity": "MEDIUM",
      "method": "real_samples"
    },
    {
      "type": "gravity_anomaly",
      "message": "Az mean (0.45) differs from expected gravity (-9.8)",
      "severity": "HIGH"
    }
  ],
  "summary": {
    "status": "BLOCK",
    "message": "Significant drift in 6 channels",
    "n_drift_channels": 6,
    "drift_channels": [
      "Ax",
      "Ay",
      "Az",
      "Gx",
      "Gy",
      "Gz"
    ]
  }
}