{
  "timestamp": "2026-01-15T13:13:21.198901",
  "production_shape": [
    2609,
    200,
    6
  ],
  "metrics": {
    "n_channels_with_drift": 6,
    "drift_channels": [
      "Ax",
      "Ay",
      "Az",
      "Gx",
      "Gy",
      "Gz"
    ],
    "gravity_check": {
      "az_mean": 0.4476063549518585,
      "data_type": "normalized",
      "note": "Gravity check skipped for normalized data",
      "within_tolerance": true
    }
  },
  "per_channel": {
    "Ax": {
      "mean": -0.7549948692321777,
      "std": 0.9728806614875793,
      "min": -5.94227409362793,
      "max": 10.995392799377441,
      "percentile_5": -1.759580135345459,
      "percentile_95": 1.0124850273132324,
      "variance_collapse": false,
      "baseline_mean": -0.00026289970559123424,
      "baseline_std": 1.000237882825721,
      "mean_shift": 0.7547319695265865,
      "normalized_mean_shift": 0.7545517200795413,
      "comparison_method": "real_samples",
      "ks_statistic": 0.4449,
      "ks_pvalue": 0.0,
      "wasserstein_distance": 0.8474056439865675,
      "drift_detected": true,
      "psi_level": "low"
    },
    "Ay": {
      "mean": 1.0434552431106567,
      "std": 0.72809237241745,
      "min": -8.207566261291504,
      "max": 17.330289840698242,
      "percentile_5": -0.23879913985729218,
      "percentile_95": 1.9032957553863525,
      "variance_collapse": false,
      "baseline_mean": -6.32706812594629e-05,
      "baseline_std": 0.9999386309206787,
      "mean_shift": 1.0435185137919163,
      "normalized_mean_shift": 1.0435815138471038,
      "comparison_method": "real_samples",
      "ks_statistic": 0.5147,
      "ks_pvalue": 0.0,
      "wasserstein_distance": 1.0394597056797,
      "drift_detected": true,
      "psi_level": "low"
    },
    "Az": {
      "mean": 0.4476063549518585,
      "std": 0.9781127572059631,
      "min": -23.105178833007812,
      "max": 25.35186004638672,
      "percentile_5": -1.0086252689361572,
      "percentile_95": 1.9734381437301636,
      "variance_collapse": false,
      "baseline_mean": 0.00017696774268093912,
      "baseline_std": 0.9998878840399854,
      "mean_shift": 0.4474293872091776,
      "normalized_mean_shift": 0.4474791092799917,
      "comparison_method": "real_samples",
      "ks_statistic": 0.1675,
      "ks_pvalue": 7.659690659636285e-123,
      "wasserstein_distance": 0.4659709142116873,
      "drift_detected": true,
      "psi_level": "low"
    },
    "Gx": {
      "mean": -0.002387086395174265,
      "std": 1.144826054573059,
      "min": -17.2876033782959,
      "max": 16.973159790039062,
      "percentile_5": -1.381166934967041,
      "percentile_95": 1.3613907098770142,
      "variance_collapse": false,
      "baseline_mean": -2.5063148266329238e-05,
      "baseline_std": 0.999862898680684,
      "mean_shift": 0.0023620232469079355,
      "normalized_mean_shift": 0.002362344765147151,
      "comparison_method": "real_samples",
      "ks_statistic": 0.0452,
      "ks_pvalue": 2.6646512061620694e-09,
      "wasserstein_distance": 0.06506190562027299,
      "drift_detected": true,
      "psi_level": "low"
    },
    "Gy": {
      "mean": 0.010117324069142342,
      "std": 2.0416312217712402,
      "min": -35.628440856933594,
      "max": 40.76323699951172,
      "percentile_5": -2.4659712314605713,
      "percentile_95": 2.5555121898651123,
      "variance_collapse": false,
      "baseline_mean": 8.419651479312561e-06,
      "baseline_std": 0.999861606176194,
      "mean_shift": 0.01010890441766303,
      "normalized_mean_shift": 0.010110293509548106,
      "comparison_method": "real_samples",
      "ks_statistic": 0.0732,
      "ks_pvalue": 1.0252499862171353e-23,
      "wasserstein_distance": 0.42927740372963835,
      "drift_detected": true,
      "psi_level": "low"
    },
    "Gz": {
      "mean": -0.022773563861846924,
      "std": 2.8473589420318604,
      "min": -42.059364318847656,
      "max": 37.303932189941406,
      "percentile_5": -3.687701463699341,
      "percentile_95": 3.649925947189331,
      "variance_collapse": false,
      "baseline_mean": -4.7690743473076004e-05,
      "baseline_std": 0.9998689939827107,
      "mean_shift": 0.02272587311837385,
      "normalized_mean_shift": 0.022728828002780144,
      "comparison_method": "real_samples",
      "ks_statistic": 0.0771,
      "ks_pvalue": 2.8869677804737396e-26,
      "wasserstein_distance": 0.7534024317177263,
      "drift_detected": true,
      "psi_level": "low"
    }
  },
  "warnings": [
    {
      "type": "distribution_drift",
      "channel": "Ax",
      "message": "Drift detected: KS p=0.0000, Wasserstein=0.847",
      "severity": "MEDIUM",
      "method": "real_samples"
    },
    {
      "type": "distribution_drift",
      "channel": "Ay",
      "message": "Drift detected: KS p=0.0000, Wasserstein=1.039",
      "severity": "MEDIUM",
      "method": "real_samples"
    },
    {
      "type": "distribution_drift",
      "channel": "Az",
      "message": "Drift detected: KS p=0.0000, Wasserstein=0.466",
      "severity": "MEDIUM",
      "method": "real_samples"
    },
    {
      "type": "distribution_drift",
      "channel": "Gx",
      "message": "Drift detected: KS p=0.0000, Wasserstein=0.065",
      "severity": "MEDIUM",
      "method": "real_samples"
    },
    {
      "type": "distribution_drift",
      "channel": "Gy",
      "message": "Drift detected: KS p=0.0000, Wasserstein=0.429",
      "severity": "MEDIUM",
      "method": "real_samples"
    },
    {
      "type": "distribution_drift",
      "channel": "Gz",
      "message": "Drift detected: KS p=0.0000, Wasserstein=0.753",
      "severity": "MEDIUM",
      "method": "real_samples"
    }
  ],
  "summary": {
    "status": "BLOCK",
    "message": "Significant drift in 6 channels",
    "n_drift_channels": 6,
    "drift_channels": [
      "Ax",
      "Ay",
      "Az",
      "Gx",
      "Gy",
      "Gz"
    ]
  }
}