{
  "mean": [
    3.2203063872594093,
    1.2823589015567063,
    -3.5295213190461294,
    0.6005635407118461,
    0.2250805149440678,
    0.08934323029274113
  ],
  "scale": [
    6.566769893344121,
    4.351731290969018,
    3.236527613592885,
    49.93705243013887,
    14.813760184079385,
    14.16862293025887
  ]
}