{
  "timestamp": "2026-01-15T12:58:53.531109",
  "n_windows": 1815,
  "metrics": {
    "mean_confidence": 0.9341054454651089,
    "std_confidence": 0.013127506298244442,
    "min_confidence": 0.6428924798965454,
    "max_confidence": 0.9912832975387572,
    "median_confidence": 0.934458315372467,
    "uncertain_ratio": 0.0,
    "mean_entropy": 0.291917494222111,
    "max_entropy": 1.0959306268097113,
    "mean_margin": 0.8856506019548485,
    "min_margin": 0.2883899807929993,
    "high_entropy_count": 0,
    "low_margin_count": 0
  },
  "distributions": {
    "confidence_levels": {
      "high_90plus": {
        "count": 1808,
        "ratio": 0.9961432506887052
      },
      "moderate_70_90": {
        "count": 5,
        "ratio": 0.0027548209366391185
      },
      "low_50_70": {
        "count": 2,
        "ratio": 0.0011019283746556473
      },
      "uncertain_below_50": {
        "count": 0,
        "ratio": 0.0
      }
    }
  },
  "flagged_windows": [],
  "summary": {
    "status": "PASS",
    "message": "Good confidence: only 0.0% windows uncertain",
    "uncertain_ratio": 0.0,
    "threshold": 0.5
  }
}