{
  "timestamp": "2026-01-15T12:58:53.538114",
  "production_shape": [
    1815,
    200,
    6
  ],
  "metrics": {
    "n_channels_with_drift": 9,
    "drift_channels": [
      "Ax",
      "Ax",
      "Ay",
      "Ay",
      "Az",
      "Az",
      "Gx",
      "Gy",
      "Gz"
    ],
    "gravity_check": {
      "az_mean": -1.9458762407302856,
      "expected": -9.8,
      "within_tolerance": false
    }
  },
  "per_channel": {
    "Ax": {
      "mean": -0.5142296552658081,
      "std": 0.01664581522345543,
      "min": -2.6638293266296387,
      "max": 0.937251627445221,
      "percentile_5": -0.5196742415428162,
      "percentile_95": -0.5095466375350952,
      "variance_collapse": true,
      "baseline_mean": 3.2185799853877635,
      "baseline_std": 6.568332015122209,
      "mean_shift": 3.7328096406535716,
      "normalized_mean_shift": 0.5683039565837421,
      "comparison_method": "real_samples",
      "ks_statistic": 0.7169,
      "ks_pvalue": 0.0,
      "wasserstein_distance": 6.886951250123625,
      "drift_detected": true,
      "psi_level": "low"
    },
    "Ay": {
      "mean": -0.33705151081085205,
      "std": 0.06334270536899567,
      "min": -4.633786678314209,
      "max": 2.553961992263794,
      "percentile_5": -0.3474246561527252,
      "percentile_95": -0.31700950860977173,
      "variance_collapse": true,
      "baseline_mean": 1.2820835645532682,
      "baseline_std": 4.351464229226238,
      "mean_shift": 1.6191350753641203,
      "normalized_mean_shift": 0.3720896273028543,
      "comparison_method": "real_samples",
      "ks_statistic": 0.6674,
      "ks_pvalue": 0.0,
      "wasserstein_distance": 3.890148394755815,
      "drift_detected": true,
      "psi_level": "low"
    },
    "Az": {
      "mean": -1.9458762407302856,
      "std": 0.05649620667099953,
      "min": -7.498647212982178,
      "max": 2.2752301692962646,
      "percentile_5": -1.955835223197937,
      "percentile_95": -1.9379055500030518,
      "variance_collapse": true,
      "baseline_mean": -3.5289485580602276,
      "baseline_std": 3.2361647471923733,
      "mean_shift": 1.583072317329942,
      "normalized_mean_shift": 0.4891814699860107,
      "comparison_method": "real_samples",
      "ks_statistic": 0.6535,
      "ks_pvalue": 0.0,
      "wasserstein_distance": 2.749844270600806,
      "drift_detected": true,
      "psi_level": "low"
    },
    "Gx": {
      "mean": -0.002140565076842904,
      "std": 0.10650782287120819,
      "min": -16.051620483398438,
      "max": 8.978569030761719,
      "percentile_5": -0.0044628046452999115,
      "percentile_95": 0.00042621773900464177,
      "variance_collapse": false,
      "baseline_mean": 0.5993119609628061,
      "baseline_std": 49.930205994367945,
      "mean_shift": 0.601452526039649,
      "normalized_mean_shift": 0.012045864863077616,
      "comparison_method": "real_samples",
      "ks_statistic": 0.5756,
      "ks_pvalue": 0.0,
      "wasserstein_distance": 22.254830217008774,
      "drift_detected": true,
      "psi_level": "low"
    },
    "Gy": {
      "mean": -0.005027833394706249,
      "std": 0.31843748688697815,
      "min": -39.49973678588867,
      "max": 39.314823150634766,
      "percentile_5": -0.010144758969545364,
      "percentile_95": -0.0006826957687735558,
      "variance_collapse": false,
      "baseline_mean": 0.22520524164191602,
      "baseline_std": 14.811710051162564,
      "mean_shift": 0.23023307503662227,
      "normalized_mean_shift": 0.01554398909358628,
      "comparison_method": "real_samples",
      "ks_statistic": 0.5585,
      "ks_pvalue": 0.0,
      "wasserstein_distance": 7.372278152420516,
      "drift_detected": true,
      "psi_level": "low"
    },
    "Gz": {
      "mean": 0.002976667368784547,
      "std": 0.13092270493507385,
      "min": -10.119077682495117,
      "max": 17.884855270385742,
      "percentile_5": -0.0008489186875522137,
      "percentile_95": 0.009023942053318024,
      "variance_collapse": false,
      "baseline_mean": 0.0886675181312073,
      "baseline_std": 14.166766755398303,
      "mean_shift": 0.08569085076242275,
      "normalized_mean_shift": 0.00604872277445008,
      "comparison_method": "real_samples",
      "ks_statistic": 0.5191,
      "ks_pvalue": 0.0,
      "wasserstein_distance": 7.57512120565926,
      "drift_detected": true,
      "psi_level": "low"
    }
  },
  "warnings": [
    {
      "type": "variance_collapse",
      "channel": "Ax",
      "message": "Very low variance (0.0166) - possible idle data or sensor failure",
      "severity": "HIGH"
    },
    {
      "type": "distribution_drift",
      "channel": "Ax",
      "message": "Drift detected: KS p=0.0000, Wasserstein=6.887",
      "severity": "MEDIUM",
      "method": "real_samples"
    },
    {
      "type": "variance_collapse",
      "channel": "Ay",
      "message": "Very low variance (0.0633) - possible idle data or sensor failure",
      "severity": "HIGH"
    },
    {
      "type": "distribution_drift",
      "channel": "Ay",
      "message": "Drift detected: KS p=0.0000, Wasserstein=3.890",
      "severity": "MEDIUM",
      "method": "real_samples"
    },
    {
      "type": "variance_collapse",
      "channel": "Az",
      "message": "Very low variance (0.0565) - possible idle data or sensor failure",
      "severity": "HIGH"
    },
    {
      "type": "distribution_drift",
      "channel": "Az",
      "message": "Drift detected: KS p=0.0000, Wasserstein=2.750",
      "severity": "MEDIUM",
      "method": "real_samples"
    },
    {
      "type": "distribution_drift",
      "channel": "Gx",
      "message": "Drift detected: KS p=0.0000, Wasserstein=22.255",
      "severity": "MEDIUM",
      "method": "real_samples"
    },
    {
      "type": "distribution_drift",
      "channel": "Gy",
      "message": "Drift detected: KS p=0.0000, Wasserstein=7.372",
      "severity": "MEDIUM",
      "method": "real_samples"
    },
    {
      "type": "distribution_drift",
      "channel": "Gz",
      "message": "Drift detected: KS p=0.0000, Wasserstein=7.575",
      "severity": "MEDIUM",
      "method": "real_samples"
    },
    {
      "type": "gravity_anomaly",
      "message": "Az mean (-1.95) differs from expected gravity (-9.8)",
      "severity": "HIGH"
    }
  ],
  "summary": {
    "status": "BLOCK",
    "message": "Variance collapse detected - sensor failure or idle data",
    "n_drift_channels": 9,
    "drift_channels": [
      "Ax",
      "Ax",
      "Ay",
      "Ay",
      "Az",
      "Az",
      "Gx",
      "Gy",
      "Gz"
    ]
  }
}