{
  "schema_version": 1,
  "mean": [
    3.219865560531616,
    1.2823593616485596,
    -3.5296170711517334,
    0.6005783081054688,
    0.22507637739181519,
    0.08934400975704193
  ],
  "std": [
    6.56655740737915,
    4.350882053375244,
    3.2361836433410645,
    49.901424407958984,
    14.805126190185547,
    14.160852432250977
  ],
  "min": [
    -26.84611701965332,
    -16.560815811157227,
    -45.23043441772461,
    -818.9515380859375,
    -302.42218017578125,
    -242.40753173828125
  ],
  "max": [
    31.954008102416992,
    41.857704162597656,
    24.15029525756836,
    835.172119140625,
    206.9326629638672,
    231.83546447753906
  ],
  "percentiles": {
    "p5": [
      -9.422274589538574,
      -7.371916770935059,
      -9.28299617767334,
      -59.760353088378906,
      -18.925777435302734,
      -19.818471908569336
    ],
    "p25": [
      -1.5299915075302124,
      -1.5863138437271118,
      -6.077462196350098,
      -6.115453720092773,
      -2.7176613807678223,
      -2.910040855407715
    ],
    "p50": [
      6.381298542022705,
      2.209306240081787,
      -2.954120397567749,
      0.672053873538971,
      0.23501186072826385,
      0.06009501963853836
    ],
    "p75": [
      8.757061004638672,
      4.123660087585449,
      -1.5036520957946777,
      7.457874774932861,
      3.0347228050231934,
      2.9817824363708496
    ],
    "p95": [
      9.52680778503418,
      7.517502307891846,
      1.4312294721603394,
      62.117244720458984,
      19.34957504272461,
      20.34678077697754
    ]
  },
  "per_channel": {
    "Ax": {
      "mean": 3.219865560531616,
      "std": 6.56655740737915,
      "min": -26.84611701965332,
      "max": 31.954008102416992,
      "p5": -9.422274589538574,
      "p25": -1.5299915075302124,
      "p50": 6.381298542022705,
      "p75": 8.757061004638672,
      "p95": 9.52680778503418
    },
    "Ay": {
      "mean": 1.2823593616485596,
      "std": 4.350882053375244,
      "min": -16.560815811157227,
      "max": 41.857704162597656,
      "p5": -7.371916770935059,
      "p25": -1.5863138437271118,
      "p50": 2.209306240081787,
      "p75": 4.123660087585449,
      "p95": 7.517502307891846
    },
    "Az": {
      "mean": -3.5296170711517334,
      "std": 3.2361836433410645,
      "min": -45.23043441772461,
      "max": 24.15029525756836,
      "p5": -9.28299617767334,
      "p25": -6.077462196350098,
      "p50": -2.954120397567749,
      "p75": -1.5036520957946777,
      "p95": 1.4312294721603394
    },
    "Gx": {
      "mean": 0.6005783081054688,
      "std": 49.901424407958984,
      "min": -818.9515380859375,
      "max": 835.172119140625,
      "p5": -59.760353088378906,
      "p25": -6.115453720092773,
      "p50": 0.672053873538971,
      "p75": 7.457874774932861,
      "p95": 62.117244720458984
    },
    "Gy": {
      "mean": 0.22507637739181519,
      "std": 14.805126190185547,
      "min": -302.42218017578125,
      "max": 206.9326629638672,
      "p5": -18.925777435302734,
      "p25": -2.7176613807678223,
      "p50": 0.23501186072826385,
      "p75": 3.0347228050231934,
      "p95": 19.34957504272461
    },
    "Gz": {
      "mean": 0.08934400975704193,
      "std": 14.160852432250977,
      "min": -242.40753173828125,
      "max": 231.83546447753906,
      "p5": -19.818471908569336,
      "p25": -2.910040855407715,
      "p50": 0.06009501963853836,
      "p75": 2.9817824363708496,
      "p95": 20.34678077697754
    }
  },
  "channel_names": [
    "Ax",
    "Ay",
    "Az",
    "Gx",
    "Gy",
    "Gz"
  ],
  "n_channels": 6,
  "n_samples": 3852,
  "per_class": {
    "ear_rubbing": {
      "n_windows": 346,
      "mean": [
        5.456948757171631,
        -1.1257028579711914,
        -1.9357928037643433,
        0.24573597311973572,
        0.05629166588187218,
        0.13495256006717682
      ],
      "std": [
        6.8994140625,
        3.277116537094116,
        1.9154659509658813,
        33.91020202636719,
        10.342652320861816,
        12.600264549255371
      ]
    },
    "forehead_rubbing": {
      "n_windows": 353,
      "mean": [
        5.735772132873535,
        1.2139254808425903,
        -1.8914068937301636,
        0.5552116632461548,
        0.3163430988788605,
        0.2319391965866089
      ],
      "std": [
        7.043069362640381,
        1.9537527561187744,
        2.266068935394287,
        38.995975494384766,
        9.293556213378906,
        16.858366012573242
      ]
    },
    "hair_pulling": {
      "n_windows": 355,
      "mean": [
        5.567137241363525,
        0.039708368480205536,
        -1.9823914766311646,
        0.5403317809104919,
        -0.17925414443016052,
        -0.026874691247940063
      ],
      "std": [
        6.6062541007995605,
        3.0365400314331055,
        3.013169527053833,
        72.75389862060547,
        12.669992446899414,
        15.023764610290527
      ]
    },
    "hand_scratching": {
      "n_windows": 349,
      "mean": [
        4.8878021240234375,
        2.270371675491333,
        -3.168198585510254,
        0.9469507932662964,
        0.7652574777603149,
        -0.09732002019882202
      ],
      "std": [
        4.681690216064453,
        5.372122287750244,
        2.897639751434326,
        59.218204498291016,
        24.054990768432617,
        18.613746643066406
      ]
    },
    "hand_tapping": {
      "n_windows": 333,
      "mean": [
        0.7327724099159241,
        1.8375747203826904,
        -8.821005821228027,
        0.5990898013114929,
        0.25351038575172424,
        0.14313825964927673
      ],
      "std": [
        1.881406545639038,
        3.2348296642303467,
        1.3433465957641602,
        17.491052627563477,
        10.465397834777832,
        10.694906234741211
      ]
    },
    "knuckles_cracking": {
      "n_windows": 349,
      "mean": [
        3.980207681655884,
        2.4413018226623535,
        -4.8229241371154785,
        0.4340953826904297,
        0.2737707793712616,
        0.2023835927248001
      ],
      "std": [
        4.641064167022705,
        4.48438835144043,
        3.513523578643799,
        67.9833984375,
        22.825841903686523,
        18.83654022216797
      ]
    },
    "nail_biting": {
      "n_windows": 390,
      "mean": [
        5.12036657333374,
        1.289788007736206,
        -2.099839210510254,
        0.7906402945518494,
        0.027760839089751244,
        0.37656083703041077
      ],
      "std": [
        7.103628635406494,
        3.2925214767456055,
        1.4972727298736572,
        80.16859436035156,
        8.106220245361328,
        9.63504695892334
      ]
    },
    "nape_rubbing": {
      "n_windows": 327,
      "mean": [
        3.2833094596862793,
        -2.2507846355438232,
        -4.71522331237793,
        0.8726453185081482,
        0.28600385785102844,
        0.010961011983454227
      ],
      "std": [
        3.7119269371032715,
        6.31260347366333,
        2.44975209236145,
        35.72012710571289,
        17.85422134399414,
        18.260419845581055
      ]
    },
    "sitting": {
      "n_windows": 351,
      "mean": [
        -0.6755282282829285,
        3.751328229904175,
        -5.984708309173584,
        0.5489766597747803,
        0.13777172565460205,
        -0.09187746047973633
      ],
      "std": [
        2.3983726501464844,
        5.730031490325928,
        2.6873795986175537,
        12.974609375,
        9.717118263244629,
        6.797738075256348
      ]
    },
    "smoking": {
      "n_windows": 361,
      "mean": [
        5.602363109588623,
        2.1083102226257324,
        -1.3057279586791992,
        0.4351820647716522,
        0.30122190713882446,
        0.03181001916527748
      ],
      "std": [
        6.760838985443115,
        2.3151583671569824,
        2.6413469314575195,
        48.19491958618164,
        18.75139808654785,
        14.757051467895508
      ]
    },
    "standing": {
      "n_windows": 338,